title,category,slug,soc_code,median_pay_annual,median_pay_hourly,entry_education,work_experience,training,num_jobs_2024,projected_employment_2034,outlook_pct,outlook_desc,employment_change,url
Accountants,Uncategorized,accountants,2411,75436,36.27,Bachelor's degree,None,None,12909,10200,11,As fast as average,200,http://data.europa.eu/esco/isco/C2411
Accounting and bookkeeping clerks,Uncategorized,accounting-and-bookkeeping-clerks,4311,51502,24.76,High school diploma or equivalent,None,None,22216,10200,-7,As fast as average,200,http://data.europa.eu/esco/isco/C4311
Accounting associate professionals,Uncategorized,accounting-associate-professionals,3313,58285,28.02,Associate's degree,None,None,15437,10200,2,As fast as average,200,http://data.europa.eu/esco/isco/C3313
Actors,Uncategorized,actors,2655,77045,37.04,Bachelor's degree,None,None,6304,10200,6,As fast as average,200,http://data.europa.eu/esco/isco/C2655
Administrative and executive secretaries,Uncategorized,administrative-and-executive-secretaries,3343,55497,26.68,Associate's degree,None,None,15437,10200,3,As fast as average,200,http://data.europa.eu/esco/isco/C3343
Advertising and marketing professionals,Uncategorized,advertising-and-marketing-professionals,2431,71728,34.48,Bachelor's degree,None,None,12909,10200,8,As fast as average,200,http://data.europa.eu/esco/isco/C2431
Advertising and public relations managers,Uncategorized,advertising-and-public-relations-managers,1222,92944,44.68,Bachelor's degree,None,None,12442,10200,2,As fast as average,200,http://data.europa.eu/esco/isco/C1222
Aged care services managers,Uncategorized,aged-care-services-managers,1343,96230,46.26,Bachelor's degree,None,None,5928,10200,3,As fast as average,200,http://data.europa.eu/esco/isco/C1343
Agricultural and forestry production managers,Uncategorized,agricultural-and-forestry-production-managers,1311,85942,41.32,Bachelor's degree,None,None,5928,10200,5,As fast as average,200,http://data.europa.eu/esco/isco/C1311
Agricultural and industrial machinery mechanics and repairers,Uncategorized,agricultural-and-industrial-machinery-mechanics-and-repairers,7233,50226,24.15,High school diploma or equivalent,None,None,13576,10200,3,As fast as average,200,http://data.europa.eu/esco/isco/C7233
Agricultural technicians,Uncategorized,agricultural-technicians,3142,65651,31.56,Associate's degree,None,None,8461,10200,5,As fast as average,200,http://data.europa.eu/esco/isco/C3142
Air conditioning and refrigeration mechanics,Uncategorized,air-conditioning-and-refrigeration-mechanics,7127,36917,17.75,High school diploma or equivalent,None,None,10868,10200,1,As fast as average,200,http://data.europa.eu/esco/isco/C7127
Air traffic controllers,Uncategorized,air-traffic-controllers,3154,52521,25.25,Associate's degree,None,None,8461,10200,7,As fast as average,200,http://data.europa.eu/esco/isco/C3154
Air traffic safety electronics technicians,Uncategorized,air-traffic-safety-electronics-technicians,3155,61069,29.36,Associate's degree,None,None,8461,10200,4,As fast as average,200,http://data.europa.eu/esco/isco/C3155
Aircraft engine mechanics and repairers,Uncategorized,aircraft-engine-mechanics-and-repairers,7232,47780,22.97,High school diploma or equivalent,None,None,13576,10200,0,As fast as average,200,http://data.europa.eu/esco/isco/C7232
Aircraft pilots and related associate professionals,Uncategorized,aircraft-pilots-and-related-associate-professionals,3153,51922,24.96,Associate's degree,None,None,8461,10200,7,As fast as average,200,http://data.europa.eu/esco/isco/C3153
Ambulance workers,Uncategorized,ambulance-workers,3258,59321,28.52,Associate's degree,None,None,4435,10200,2,As fast as average,200,http://data.europa.eu/esco/isco/C3258
Animal producers not elsewhere classified,Uncategorized,animal-producers-not-elsewhere-classified,6129,27242,13.10,No formal educational credential,None,None,12833,10200,-3,As fast as average,200,http://data.europa.eu/esco/isco/C6129
"Announcers on radio, television and other media",Uncategorized,announcers-on-radio-television-and-other-media,2656,65325,31.41,Bachelor's degree,None,None,6304,10200,6,As fast as average,200,http://data.europa.eu/esco/isco/C2656
Apiarists and sericulturists,Uncategorized,apiarists-and-sericulturists,6123,31680,15.23,No formal educational credential,None,None,12833,10200,-4,As fast as average,200,http://data.europa.eu/esco/isco/C6123
Applications programmers,Uncategorized,applications-programmers,2514,85499,41.11,Bachelor's degree,None,None,13422,10200,6,As fast as average,200,http://data.europa.eu/esco/isco/C2514
Aquaculture and fisheries production managers,Uncategorized,aquaculture-and-fisheries-production-managers,1312,80747,38.82,Bachelor's degree,None,None,5928,10200,6,As fast as average,200,http://data.europa.eu/esco/isco/C1312
Aquaculture workers,Uncategorized,aquaculture-workers,6221,24705,11.88,No formal educational credential,None,None,1180,10200,1,As fast as average,200,http://data.europa.eu/esco/isco/C6221
Archivists and curators,Uncategorized,archivists-and-curators,2621,66008,31.73,Bachelor's degree,None,None,6304,10200,7,As fast as average,200,http://data.europa.eu/esco/isco/C2621
"Armed forces occupations, other ranks",Uncategorized,armed-forces-occupations-other-ranks,0310,43919,21.11,High school diploma or equivalent,None,None,956,10200,1,As fast as average,200,http://data.europa.eu/esco/isco/C0310
Assemblers not elsewhere classified,Uncategorized,assemblers-not-elsewhere-classified,8219,48942,23.53,High school diploma or equivalent,None,None,6366,10200,1,As fast as average,200,http://data.europa.eu/esco/isco/C8219
"Astrologers, fortune-tellers and related workers",Uncategorized,astrologers-fortune-tellers-and-related-workers,5161,42573,20.47,High school diploma or equivalent,None,None,14170,10200,8,As fast as average,200,http://data.europa.eu/esco/isco/C5161
Athletes and sports players,Uncategorized,athletes-and-sports-players,3421,55850,26.85,Associate's degree,None,None,8400,10200,7,As fast as average,200,http://data.europa.eu/esco/isco/C3421
Audiologists and speech therapists,Uncategorized,audiologists-and-speech-therapists,2266,74485,35.81,Bachelor's degree,None,None,12353,10200,10,As fast as average,200,http://data.europa.eu/esco/isco/C2266
Authors and related writers,Uncategorized,authors-and-related-writers,2641,82770,39.79,Bachelor's degree,None,None,6304,10200,11,As fast as average,200,http://data.europa.eu/esco/isco/C2641
"Bakers, pastry-cooks and confectionery makers",Uncategorized,bakers-pastry-cooks-and-confectionery-makers,7512,47553,22.86,High school diploma or equivalent,None,None,3515,10200,4,As fast as average,200,http://data.europa.eu/esco/isco/C7512
Bank tellers and related clerks,Uncategorized,bank-tellers-and-related-clerks,4211,50085,24.08,High school diploma or equivalent,None,None,5450,10200,-6,As fast as average,200,http://data.europa.eu/esco/isco/C4211
Bartenders,Uncategorized,bartenders,5132,25730,12.37,High school diploma or equivalent,None,None,14170,10200,8,As fast as average,200,http://data.europa.eu/esco/isco/C5132
Beauticians and related workers,Uncategorized,beauticians-and-related-workers,5142,38234,18.38,High school diploma or equivalent,None,None,14170,10200,6,As fast as average,200,http://data.europa.eu/esco/isco/C5142
Bicycle and related repairers,Uncategorized,bicycle-and-related-repairers,7234,47861,23.01,High school diploma or equivalent,None,None,13576,10200,2,As fast as average,200,http://data.europa.eu/esco/isco/C7234
"Biologists, botanists, zoologists and related professionals",Uncategorized,biologists-botanists-zoologists-and-related-professionals,2131,73069,35.13,Bachelor's degree,None,None,6041,10200,6,As fast as average,200,http://data.europa.eu/esco/isco/C2131
"Blacksmiths, hammersmiths and forging press workers",Uncategorized,blacksmiths-hammersmiths-and-forging-press-workers,7221,54854,26.37,High school diploma or equivalent,None,None,13576,10200,1,As fast as average,200,http://data.europa.eu/esco/isco/C7221
"Bleaching, dyeing and fabric cleaning machine operators",Uncategorized,bleaching-dyeing-and-fabric-cleaning-machine-operators,8154,36457,17.53,High school diploma or equivalent,None,None,2219,10200,0,As fast as average,200,http://data.europa.eu/esco/isco/C8154
"Bookmakers, croupiers and related gaming workers",Uncategorized,bookmakers-croupiers-and-related-gaming-workers,4212,36306,17.45,High school diploma or equivalent,None,None,5450,10200,-4,As fast as average,200,http://data.europa.eu/esco/isco/C4212
Bricklayers and related workers,Uncategorized,bricklayers-and-related-workers,7112,48412,23.27,High school diploma or equivalent,None,None,10868,10200,1,As fast as average,200,http://data.europa.eu/esco/isco/C7112
Broadcasting and audiovisual technicians,Uncategorized,broadcasting-and-audiovisual-technicians,3521,61719,29.67,Associate's degree,None,None,7200,10200,2,As fast as average,200,http://data.europa.eu/esco/isco/C3521
Building and related electricians,Uncategorized,building-and-related-electricians,7411,47220,22.70,High school diploma or equivalent,None,None,16260,10200,2,As fast as average,200,http://data.europa.eu/esco/isco/C7411
Building architects,Uncategorized,building-architects,2161,79601,38.27,Bachelor's degree,None,None,6041,10200,9,As fast as average,200,http://data.europa.eu/esco/isco/C2161
Building caretakers,Uncategorized,building-caretakers,5153,29354,14.11,High school diploma or equivalent,None,None,14170,10200,5,As fast as average,200,http://data.europa.eu/esco/isco/C5153
Building construction labourers,Uncategorized,building-construction-labourers,9313,20766,9.98,No formal educational credential,None,None,15888,10200,1,As fast as average,200,http://data.europa.eu/esco/isco/C9313
Building frame and related trades workers not elsewhere classified,Uncategorized,building-frame-and-related-trades-workers-not-elsewhere-classified,7119,38730,18.62,High school diploma or equivalent,None,None,10868,10200,4,As fast as average,200,http://data.europa.eu/esco/isco/C7119
Building structure cleaners,Uncategorized,building-structure-cleaners,7133,46382,22.30,High school diploma or equivalent,None,None,10868,10200,1,As fast as average,200,http://data.europa.eu/esco/isco/C7133
Bus and tram drivers,Uncategorized,bus-and-tram-drivers,8331,49801,23.94,High school diploma or equivalent,None,None,13663,10200,-1,As fast as average,200,http://data.europa.eu/esco/isco/C8331
Business services agents not elsewhere classified,Uncategorized,business-services-agents-not-elsewhere-classified,3339,60683,29.17,Associate's degree,None,None,15437,10200,4,As fast as average,200,http://data.europa.eu/esco/isco/C3339
Business services and administration managers not elsewhere classified,Uncategorized,business-services-and-administration-managers-not-elsewhere-classified,1219,87523,42.08,Bachelor's degree,None,None,12442,10200,7,As fast as average,200,http://data.europa.eu/esco/isco/C1219
"Butchers, fishmongers and related food preparers",Uncategorized,butchers-fishmongers-and-related-food-preparers,7511,48303,23.22,High school diploma or equivalent,None,None,3515,10200,3,As fast as average,200,http://data.europa.eu/esco/isco/C7511
Buyers,Uncategorized,buyers,3323,46806,22.50,Associate's degree,None,None,15437,10200,7,As fast as average,200,http://data.europa.eu/esco/isco/C3323
Cabinet-makers and related workers,Uncategorized,cabinet-makers-and-related-workers,7522,44593,21.44,High school diploma or equivalent,None,None,3515,10200,1,As fast as average,200,http://data.europa.eu/esco/isco/C7522
"Car, taxi and van drivers",Uncategorized,car-taxi-and-van-drivers,8322,39871,19.17,High school diploma or equivalent,None,None,13663,10200,3,As fast as average,200,http://data.europa.eu/esco/isco/C8322
Carpenters and joiners,Uncategorized,carpenters-and-joiners,7115,53693,25.81,High school diploma or equivalent,None,None,10868,10200,5,As fast as average,200,http://data.europa.eu/esco/isco/C7115
Cartographers and surveyors,Uncategorized,cartographers-and-surveyors,2165,72686,34.95,Bachelor's degree,None,None,6041,10200,9,As fast as average,200,http://data.europa.eu/esco/isco/C2165
Cashiers and ticket clerks,Uncategorized,cashiers-and-ticket-clerks,5230,34327,16.50,High school diploma or equivalent,None,None,24676,10200,8,As fast as average,200,http://data.europa.eu/esco/isco/C5230
"Cement, stone and other mineral products machine operators",Uncategorized,cement-stone-and-other-mineral-products-machine-operators,8114,33746,16.22,High school diploma or equivalent,None,None,2219,10200,0,As fast as average,200,http://data.europa.eu/esco/isco/C8114
Chefs,Uncategorized,chefs,3434,59657,28.68,Associate's degree,None,None,8400,10200,2,As fast as average,200,http://data.europa.eu/esco/isco/C3434
Chemical and physical science technicians,Uncategorized,chemical-and-physical-science-technicians,3111,49861,23.97,Associate's degree,None,None,8461,10200,3,As fast as average,200,http://data.europa.eu/esco/isco/C3111
Chemical engineering technicians,Uncategorized,chemical-engineering-technicians,3116,46493,22.35,Associate's degree,None,None,8461,10200,2,As fast as average,200,http://data.europa.eu/esco/isco/C3116
Chemical engineers,Uncategorized,chemical-engineers,2145,68773,33.06,Bachelor's degree,None,None,6041,10200,7,As fast as average,200,http://data.europa.eu/esco/isco/C2145
Chemical processing plant controllers,Uncategorized,chemical-processing-plant-controllers,3133,61708,29.67,Associate's degree,None,None,8461,10200,6,As fast as average,200,http://data.europa.eu/esco/isco/C3133
Chemical products plant and machine operators,Uncategorized,chemical-products-plant-and-machine-operators,8131,34109,16.40,High school diploma or equivalent,None,None,2219,10200,0,As fast as average,200,http://data.europa.eu/esco/isco/C8131
Chemists,Uncategorized,chemists,2113,71590,34.42,Bachelor's degree,None,None,6041,10200,8,As fast as average,200,http://data.europa.eu/esco/isco/C2113
Child care services managers,Uncategorized,child-care-services-managers,1341,81218,39.05,Bachelor's degree,None,None,5928,10200,7,As fast as average,200,http://data.europa.eu/esco/isco/C1341
Child care workers,Uncategorized,child-care-workers,5311,24323,11.69,High school diploma or equivalent,None,None,29300,10200,7,As fast as average,200,http://data.europa.eu/esco/isco/C5311
Civil engineering labourers,Uncategorized,civil-engineering-labourers,9312,25908,12.46,No formal educational credential,None,None,15888,10200,1,As fast as average,200,http://data.europa.eu/esco/isco/C9312
Civil engineering technicians,Uncategorized,civil-engineering-technicians,3112,51018,24.53,Associate's degree,None,None,8461,10200,2,As fast as average,200,http://data.europa.eu/esco/isco/C3112
Civil engineers,Uncategorized,civil-engineers,2142,69816,33.57,Bachelor's degree,None,None,6041,10200,6,As fast as average,200,http://data.europa.eu/esco/isco/C2142
"Cleaners and helpers in offices, hotels and other establishments",Uncategorized,cleaners-and-helpers-in-offices-hotels-and-other-establishments,9112,20507,9.86,No formal educational credential,None,None,23733,10200,5,As fast as average,200,http://data.europa.eu/esco/isco/C9112
"Cleaning and housekeeping supervisors in offices, hotels and other establishments",Uncategorized,cleaning-and-housekeeping-supervisors-in-offices-hotels-and-other-establishments,5151,23453,11.28,High school diploma or equivalent,None,None,14170,10200,9,As fast as average,200,http://data.europa.eu/esco/isco/C5151
Clearing and forwarding agents,Uncategorized,clearing-and-forwarding-agents,3331,50529,24.29,Associate's degree,None,None,15437,10200,6,As fast as average,200,http://data.europa.eu/esco/isco/C3331
Clerical support workers not elsewhere classified,Uncategorized,clerical-support-workers-not-elsewhere-classified,4419,46709,22.46,High school diploma or equivalent,None,None,3742,10200,-4,As fast as average,200,http://data.europa.eu/esco/isco/C4419
Client information workers not elsewhere classified,Uncategorized,client-information-workers-not-elsewhere-classified,4229,47624,22.90,High school diploma or equivalent,None,None,5450,10200,-4,As fast as average,200,http://data.europa.eu/esco/isco/C4229
"Coding, proof-reading and related clerks",Uncategorized,coding-proof-reading-and-related-clerks,4413,46031,22.13,High school diploma or equivalent,None,None,3742,10200,-3,As fast as average,200,http://data.europa.eu/esco/isco/C4413
Commercial sales representatives,Uncategorized,commercial-sales-representatives,3322,47347,22.76,Associate's degree,None,None,15437,10200,2,As fast as average,200,http://data.europa.eu/esco/isco/C3322
Commissioned armed forces officers,Uncategorized,commissioned-armed-forces-officers,0110,43524,20.93,High school diploma or equivalent,None,None,790,10200,2,As fast as average,200,http://data.europa.eu/esco/isco/C0110
Community health workers,Uncategorized,community-health-workers,3253,65025,31.26,Associate's degree,None,None,4435,10200,4,As fast as average,200,http://data.europa.eu/esco/isco/C3253
Companions and valets,Uncategorized,companions-and-valets,5162,28110,13.51,High school diploma or equivalent,None,None,14170,10200,5,As fast as average,200,http://data.europa.eu/esco/isco/C5162
Computer network and systems technicians,Uncategorized,computer-network-and-systems-technicians,3513,59221,28.47,Associate's degree,None,None,7200,10200,6,As fast as average,200,http://data.europa.eu/esco/isco/C3513
Computer network professionals,Uncategorized,computer-network-professionals,2523,70189,33.74,Bachelor's degree,None,None,13422,10200,8,As fast as average,200,http://data.europa.eu/esco/isco/C2523
"Concrete placers, concrete finishers and related workers",Uncategorized,concrete-placers-concrete-finishers-and-related-workers,7114,50636,24.34,High school diploma or equivalent,None,None,10868,10200,0,As fast as average,200,http://data.europa.eu/esco/isco/C7114
Conference and event planners,Uncategorized,conference-and-event-planners,3332,52865,25.42,Associate's degree,None,None,15437,10200,7,As fast as average,200,http://data.europa.eu/esco/isco/C3332
Construction managers,Uncategorized,construction-managers,1323,97784,47.01,Bachelor's degree,None,None,5928,10200,6,As fast as average,200,http://data.europa.eu/esco/isco/C1323
Construction supervisors,Uncategorized,construction-supervisors,3123,60814,29.24,Associate's degree,None,None,8461,10200,5,As fast as average,200,http://data.europa.eu/esco/isco/C3123
Contact centre information clerks,Uncategorized,contact-centre-information-clerks,4222,33678,16.19,High school diploma or equivalent,None,None,5450,10200,-4,As fast as average,200,http://data.europa.eu/esco/isco/C4222
Contact centre salespersons,Uncategorized,contact-centre-salespersons,5244,29491,14.18,High school diploma or equivalent,None,None,24676,10200,9,As fast as average,200,http://data.europa.eu/esco/isco/C5244
Cooks,Uncategorized,cooks,5120,42344,20.36,High school diploma or equivalent,None,None,14170,10200,6,As fast as average,200,http://data.europa.eu/esco/isco/C5120
Craft and related workers not elsewhere classified,Uncategorized,craft-and-related-workers-not-elsewhere-classified,7549,50507,24.28,High school diploma or equivalent,None,None,3515,10200,3,As fast as average,200,http://data.europa.eu/esco/isco/C7549
"Crane, hoist and related plant operators",Uncategorized,crane-hoist-and-related-plant-operators,8343,44218,21.26,High school diploma or equivalent,None,None,13663,10200,-1,As fast as average,200,http://data.europa.eu/esco/isco/C8343
Creative and performing artists not elsewhere classified,Uncategorized,creative-and-performing-artists-not-elsewhere-classified,2659,71988,34.61,Bachelor's degree,None,None,6304,10200,10,As fast as average,200,http://data.europa.eu/esco/isco/C2659
Credit and loans officers,Uncategorized,credit-and-loans-officers,3312,58594,28.17,Associate's degree,None,None,15437,10200,4,As fast as average,200,http://data.europa.eu/esco/isco/C3312
Crop farm labourers,Uncategorized,crop-farm-labourers,9211,37453,18.01,No formal educational credential,None,None,950,10200,4,As fast as average,200,http://data.europa.eu/esco/isco/C9211
Customs and border inspectors,Uncategorized,customs-and-border-inspectors,3351,61085,29.37,Associate's degree,None,None,15437,10200,6,As fast as average,200,http://data.europa.eu/esco/isco/C3351
Dairy-products makers,Uncategorized,dairy-products-makers,7513,47062,22.63,High school diploma or equivalent,None,None,3515,10200,0,As fast as average,200,http://data.europa.eu/esco/isco/C7513
Dancers and choreographers,Uncategorized,dancers-and-choreographers,2653,65543,31.51,Bachelor's degree,None,None,6304,10200,11,As fast as average,200,http://data.europa.eu/esco/isco/C2653
Data entry clerks,Uncategorized,data-entry-clerks,4132,46810,22.50,High school diploma or equivalent,None,None,46725,10200,-4,As fast as average,200,http://data.europa.eu/esco/isco/C4132
Database and network professionals not elsewhere classified,Uncategorized,database-and-network-professionals-not-elsewhere-classified,2529,83977,40.37,Bachelor's degree,None,None,13422,10200,6,As fast as average,200,http://data.europa.eu/esco/isco/C2529
Database designers and administrators,Uncategorized,database-designers-and-administrators,2521,85868,41.28,Bachelor's degree,None,None,13422,10200,11,As fast as average,200,http://data.europa.eu/esco/isco/C2521
Debt-collectors and related workers,Uncategorized,debt-collectors-and-related-workers,4214,43985,21.15,High school diploma or equivalent,None,None,5450,10200,-7,As fast as average,200,http://data.europa.eu/esco/isco/C4214
Deep-sea fishery workers,Uncategorized,deep-sea-fishery-workers,6223,35953,17.29,No formal educational credential,None,None,1180,10200,-3,As fast as average,200,http://data.europa.eu/esco/isco/C6223
Dental assistants and therapists,Uncategorized,dental-assistants-and-therapists,3251,51603,24.81,Associate's degree,None,None,4435,10200,6,As fast as average,200,http://data.europa.eu/esco/isco/C3251
Dentists,Uncategorized,dentists,2261,66195,31.82,Bachelor's degree,None,None,12353,10200,9,As fast as average,200,http://data.europa.eu/esco/isco/C2261
Dieticians and nutritionists,Uncategorized,dieticians-and-nutritionists,2265,82745,39.78,Bachelor's degree,None,None,12353,10200,8,As fast as average,200,http://data.europa.eu/esco/isco/C2265
Dispensing opticians,Uncategorized,dispensing-opticians,3254,65812,31.64,Associate's degree,None,None,4435,10200,7,As fast as average,200,http://data.europa.eu/esco/isco/C3254
Domestic cleaners and helpers,Uncategorized,domestic-cleaners-and-helpers,9111,17283,8.31,No formal educational credential,None,None,23733,10200,4,As fast as average,200,http://data.europa.eu/esco/isco/C9111
Domestic housekeepers,Uncategorized,domestic-housekeepers,5152,43389,20.86,High school diploma or equivalent,None,None,14170,10200,4,As fast as average,200,http://data.europa.eu/esco/isco/C5152
Door to door salespersons,Uncategorized,door-to-door-salespersons,5243,29803,14.33,High school diploma or equivalent,None,None,24676,10200,9,As fast as average,200,http://data.europa.eu/esco/isco/C5243
Draughtspersons,Uncategorized,draughtspersons,3118,63902,30.72,Associate's degree,None,None,8461,10200,5,As fast as average,200,http://data.europa.eu/esco/isco/C3118
Drivers of animal-drawn vehicles and machinery,Uncategorized,drivers-of-animal-drawn-vehicles-and-machinery,9332,20005,9.62,No formal educational credential,None,None,15888,10200,1,As fast as average,200,http://data.europa.eu/esco/isco/C9332
Driving instructors,Uncategorized,driving-instructors,5165,23501,11.30,High school diploma or equivalent,None,None,14170,10200,5,As fast as average,200,http://data.europa.eu/esco/isco/C5165
Early childhood educators,Uncategorized,early-childhood-educators,2342,86053,41.37,Bachelor's degree,None,None,19925,10200,10,As fast as average,200,http://data.europa.eu/esco/isco/C2342
Earthmoving and related plant operators,Uncategorized,earthmoving-and-related-plant-operators,8342,47636,22.90,High school diploma or equivalent,None,None,13663,10200,1,As fast as average,200,http://data.europa.eu/esco/isco/C8342
Economists,Uncategorized,economists,2631,68944,33.15,Bachelor's degree,None,None,6304,10200,8,As fast as average,200,http://data.europa.eu/esco/isco/C2631
Education managers,Uncategorized,education-managers,1345,88230,42.42,Bachelor's degree,None,None,5928,10200,5,As fast as average,200,http://data.europa.eu/esco/isco/C1345
Education methods specialists,Uncategorized,education-methods-specialists,2351,65852,31.66,Bachelor's degree,None,None,19925,10200,7,As fast as average,200,http://data.europa.eu/esco/isco/C2351
Electrical and electronic equipment assemblers,Uncategorized,electrical-and-electronic-equipment-assemblers,8212,36573,17.58,High school diploma or equivalent,None,None,6366,10200,3,As fast as average,200,http://data.europa.eu/esco/isco/C8212
Electrical engineering technicians,Uncategorized,electrical-engineering-technicians,3113,50602,24.33,Associate's degree,None,None,8461,10200,7,As fast as average,200,http://data.europa.eu/esco/isco/C3113
Electrical engineers,Uncategorized,electrical-engineers,2151,76057,36.57,Bachelor's degree,None,None,6041,10200,7,As fast as average,200,http://data.europa.eu/esco/isco/C2151
Electrical line installers and repairers,Uncategorized,electrical-line-installers-and-repairers,7413,49575,23.83,High school diploma or equivalent,None,None,16260,10200,5,As fast as average,200,http://data.europa.eu/esco/isco/C7413
Electrical mechanics and fitters,Uncategorized,electrical-mechanics-and-fitters,7412,49414,23.76,High school diploma or equivalent,None,None,16260,10200,2,As fast as average,200,http://data.europa.eu/esco/isco/C7412
Electronics engineering technicians,Uncategorized,electronics-engineering-technicians,3114,48653,23.39,Associate's degree,None,None,8461,10200,5,As fast as average,200,http://data.europa.eu/esco/isco/C3114
Electronics engineers,Uncategorized,electronics-engineers,2152,72906,35.05,Bachelor's degree,None,None,6041,10200,7,As fast as average,200,http://data.europa.eu/esco/isco/C2152
Electronics mechanics and servicers,Uncategorized,electronics-mechanics-and-servicers,7421,34804,16.73,High school diploma or equivalent,None,None,16260,10200,5,As fast as average,200,http://data.europa.eu/esco/isco/C7421
Elementary workers not elsewhere classified,Uncategorized,elementary-workers-not-elsewhere-classified,9629,19730,9.49,No formal educational credential,None,None,2287,10200,5,As fast as average,200,http://data.europa.eu/esco/isco/C9629
Employment agents and contractors,Uncategorized,employment-agents-and-contractors,3333,56093,26.97,Associate's degree,None,None,15437,10200,2,As fast as average,200,http://data.europa.eu/esco/isco/C3333
Engineering professionals not elsewhere classified,Uncategorized,engineering-professionals-not-elsewhere-classified,2149,72370,34.79,Bachelor's degree,None,None,6041,10200,11,As fast as average,200,http://data.europa.eu/esco/isco/C2149
Enquiry clerks,Uncategorized,enquiry-clerks,4225,51570,24.79,High school diploma or equivalent,None,None,5450,10200,-3,As fast as average,200,http://data.europa.eu/esco/isco/C4225
Environmental and occupational health and hygiene professionals,Uncategorized,environmental-and-occupational-health-and-hygiene-professionals,2263,85532,41.12,Bachelor's degree,None,None,12353,10200,7,As fast as average,200,http://data.europa.eu/esco/isco/C2263
Environmental and occupational health inspectors and associates,Uncategorized,environmental-and-occupational-health-inspectors-and-associates,3257,57805,27.79,Associate's degree,None,None,4435,10200,7,As fast as average,200,http://data.europa.eu/esco/isco/C3257
Environmental engineers,Uncategorized,environmental-engineers,2143,72234,34.73,Bachelor's degree,None,None,6041,10200,11,As fast as average,200,http://data.europa.eu/esco/isco/C2143
Environmental protection professionals,Uncategorized,environmental-protection-professionals,2133,69409,33.37,Bachelor's degree,None,None,6041,10200,10,As fast as average,200,http://data.europa.eu/esco/isco/C2133
"Farming, forestry and fisheries advisers",Uncategorized,farming-forestry-and-fisheries-advisers,2132,63404,30.48,Bachelor's degree,None,None,6041,10200,9,As fast as average,200,http://data.europa.eu/esco/isco/C2132
Fashion and other models,Uncategorized,fashion-and-other-models,5241,29244,14.06,High school diploma or equivalent,None,None,24676,10200,8,As fast as average,200,http://data.europa.eu/esco/isco/C5241
Fast food preparers,Uncategorized,fast-food-preparers,9411,21514,10.34,No formal educational credential,None,None,16750,10200,4,As fast as average,200,http://data.europa.eu/esco/isco/C9411
"Fibre preparing, spinning and winding machine operators",Uncategorized,fibre-preparing-spinning-and-winding-machine-operators,8151,52469,25.23,High school diploma or equivalent,None,None,2219,10200,3,As fast as average,200,http://data.europa.eu/esco/isco/C8151
Field crop and vegetable growers,Uncategorized,field-crop-and-vegetable-growers,6111,30525,14.68,No formal educational credential,None,None,12833,10200,-1,As fast as average,200,http://data.europa.eu/esco/isco/C6111
Filing and copying clerks,Uncategorized,filing-and-copying-clerks,4415,30959,14.88,High school diploma or equivalent,None,None,3742,10200,-3,As fast as average,200,http://data.europa.eu/esco/isco/C4415
"Film, stage and related directors and producers",Uncategorized,film-stage-and-related-directors-and-producers,2654,80862,38.88,Bachelor's degree,None,None,6304,10200,6,As fast as average,200,http://data.europa.eu/esco/isco/C2654
Finance managers,Uncategorized,finance-managers,1211,88280,42.44,Bachelor's degree,None,None,12442,10200,4,As fast as average,200,http://data.europa.eu/esco/isco/C1211
Financial analysts,Uncategorized,financial-analysts,2413,76016,36.55,Bachelor's degree,None,None,12909,10200,6,As fast as average,200,http://data.europa.eu/esco/isco/C2413
Financial and insurance services branch managers,Uncategorized,financial-and-insurance-services-branch-managers,1346,83288,40.04,Bachelor's degree,None,None,5928,10200,6,As fast as average,200,http://data.europa.eu/esco/isco/C1346
Financial and investment advisers,Uncategorized,financial-and-investment-advisers,2412,84709,40.73,Bachelor's degree,None,None,12909,10200,9,As fast as average,200,http://data.europa.eu/esco/isco/C2412
Fire-fighters,Uncategorized,fire-fighters,5411,29481,14.17,High school diploma or equivalent,None,None,9460,10200,7,As fast as average,200,http://data.europa.eu/esco/isco/C5411
Fishery and aquaculture labourers,Uncategorized,fishery-and-aquaculture-labourers,9216,17370,8.35,No formal educational credential,None,None,950,10200,4,As fast as average,200,http://data.europa.eu/esco/isco/C9216
Fitness and recreation instructors and program leaders,Uncategorized,fitness-and-recreation-instructors-and-program-leaders,3423,53262,25.61,Associate's degree,None,None,8400,10200,3,As fast as average,200,http://data.europa.eu/esco/isco/C3423
Floor layers and tile setters,Uncategorized,floor-layers-and-tile-setters,7122,41217,19.82,High school diploma or equivalent,None,None,10868,10200,3,As fast as average,200,http://data.europa.eu/esco/isco/C7122
Food and beverage tasters and graders,Uncategorized,food-and-beverage-tasters-and-graders,7515,49367,23.73,High school diploma or equivalent,None,None,3515,10200,3,As fast as average,200,http://data.europa.eu/esco/isco/C7515
Food and related products machine operators,Uncategorized,food-and-related-products-machine-operators,8160,49961,24.02,High school diploma or equivalent,None,None,2219,10200,0,As fast as average,200,http://data.europa.eu/esco/isco/C8160
Food service counter attendants,Uncategorized,food-service-counter-attendants,5246,45806,22.02,High school diploma or equivalent,None,None,24676,10200,6,As fast as average,200,http://data.europa.eu/esco/isco/C5246
Forestry and related workers,Uncategorized,forestry-and-related-workers,6210,27969,13.45,No formal educational credential,None,None,1180,10200,0,As fast as average,200,http://data.europa.eu/esco/isco/C6210
Forestry labourers,Uncategorized,forestry-labourers,9215,22552,10.84,No formal educational credential,None,None,950,10200,1,As fast as average,200,http://data.europa.eu/esco/isco/C9215
Forestry technicians,Uncategorized,forestry-technicians,3143,56236,27.04,Associate's degree,None,None,8461,10200,5,As fast as average,200,http://data.europa.eu/esco/isco/C3143
Freight handlers,Uncategorized,freight-handlers,9333,22775,10.95,No formal educational credential,None,None,15888,10200,4,As fast as average,200,http://data.europa.eu/esco/isco/C9333
"Fruit, vegetable and related preservers",Uncategorized,fruit-vegetable-and-related-preservers,7514,50434,24.25,High school diploma or equivalent,None,None,3515,10200,2,As fast as average,200,http://data.europa.eu/esco/isco/C7514
Fumigators and other pest and weed controllers,Uncategorized,fumigators-and-other-pest-and-weed-controllers,7544,48557,23.34,High school diploma or equivalent,None,None,3515,10200,0,As fast as average,200,http://data.europa.eu/esco/isco/C7544
Fur and leather preparing machine operators,Uncategorized,fur-and-leather-preparing-machine-operators,8155,36527,17.56,High school diploma or equivalent,None,None,2219,10200,-2,As fast as average,200,http://data.europa.eu/esco/isco/C8155
"Gallery, museum and library technicians",Uncategorized,gallery-museum-and-library-technicians,3433,50227,24.15,Associate's degree,None,None,8400,10200,4,As fast as average,200,http://data.europa.eu/esco/isco/C3433
Garbage and recycling collectors,Uncategorized,garbage-and-recycling-collectors,9611,30032,14.44,No formal educational credential,None,None,2287,10200,3,As fast as average,200,http://data.europa.eu/esco/isco/C9611
Garden and horticultural labourers,Uncategorized,garden-and-horticultural-labourers,9214,36425,17.51,No formal educational credential,None,None,950,10200,1,As fast as average,200,http://data.europa.eu/esco/isco/C9214
"Gardeners, horticultural and nursery growers",Uncategorized,gardeners-horticultural-and-nursery-growers,6113,35630,17.13,No formal educational credential,None,None,12833,10200,-2,As fast as average,200,http://data.europa.eu/esco/isco/C6113
Garment and related pattern-makers and cutters,Uncategorized,garment-and-related-pattern-makers-and-cutters,7532,43332,20.83,High school diploma or equivalent,None,None,3515,10200,5,As fast as average,200,http://data.europa.eu/esco/isco/C7532
General office clerks,Uncategorized,general-office-clerks,4110,35950,17.28,High school diploma or equivalent,None,None,46725,10200,-2,As fast as average,200,http://data.europa.eu/esco/isco/C4110
Generalist medical practitioners,Uncategorized,generalist-medical-practitioners,2211,82643,39.73,Bachelor's degree,None,None,12353,10200,11,As fast as average,200,http://data.europa.eu/esco/isco/C2211
Geologists and geophysicists,Uncategorized,geologists-and-geophysicists,2114,80533,38.72,Bachelor's degree,None,None,6041,10200,7,As fast as average,200,http://data.europa.eu/esco/isco/C2114
Glass and ceramics plant operators,Uncategorized,glass-and-ceramics-plant-operators,8181,45709,21.98,High school diploma or equivalent,None,None,2219,10200,3,As fast as average,200,http://data.europa.eu/esco/isco/C8181
"Glass makers, cutters, grinders and finishers",Uncategorized,glass-makers-cutters-grinders-and-finishers,7315,44685,21.48,High school diploma or equivalent,None,None,1358,10200,4,As fast as average,200,http://data.europa.eu/esco/isco/C7315
Glaziers,Uncategorized,glaziers,7125,38801,18.65,High school diploma or equivalent,None,None,10868,10200,1,As fast as average,200,http://data.europa.eu/esco/isco/C7125
Government licensing officials,Uncategorized,government-licensing-officials,3354,55594,26.73,Associate's degree,None,None,15437,10200,7,As fast as average,200,http://data.europa.eu/esco/isco/C3354
Government social benefits officials,Uncategorized,government-social-benefits-officials,3353,57351,27.57,Associate's degree,None,None,15437,10200,2,As fast as average,200,http://data.europa.eu/esco/isco/C3353
Government tax and excise officials,Uncategorized,government-tax-and-excise-officials,3352,58122,27.94,Associate's degree,None,None,15437,10200,7,As fast as average,200,http://data.europa.eu/esco/isco/C3352
Graphic and multimedia designers,Uncategorized,graphic-and-multimedia-designers,2166,84515,40.63,Bachelor's degree,None,None,6041,10200,6,As fast as average,200,http://data.europa.eu/esco/isco/C2166
Hairdressers,Uncategorized,hairdressers,5141,30005,14.43,High school diploma or equivalent,None,None,14170,10200,9,As fast as average,200,http://data.europa.eu/esco/isco/C5141
Hand and pedal vehicle drivers,Uncategorized,hand-and-pedal-vehicle-drivers,9331,16678,8.02,No formal educational credential,None,None,15888,10200,2,As fast as average,200,http://data.europa.eu/esco/isco/C9331
Hand launderers and pressers,Uncategorized,hand-launderers-and-pressers,9121,28301,13.61,No formal educational credential,None,None,23733,10200,4,As fast as average,200,http://data.europa.eu/esco/isco/C9121
Hand packers,Uncategorized,hand-packers,9321,28092,13.51,No formal educational credential,None,None,15888,10200,6,As fast as average,200,http://data.europa.eu/esco/isco/C9321
"Handicraft workers in textile, leather and related materials",Uncategorized,handicraft-workers-in-textile-leather-and-related-materials,7318,38000,18.27,High school diploma or equivalent,None,None,1358,10200,5,As fast as average,200,http://data.europa.eu/esco/isco/C7318
"Handicraft workers in wood, basketry and related materials",Uncategorized,handicraft-workers-in-wood-basketry-and-related-materials,7317,38381,18.45,High school diploma or equivalent,None,None,1358,10200,0,As fast as average,200,http://data.europa.eu/esco/isco/C7317
Handicraft workers not elsewhere classified,Uncategorized,handicraft-workers-not-elsewhere-classified,7319,50205,24.14,High school diploma or equivalent,None,None,1358,10200,4,As fast as average,200,http://data.europa.eu/esco/isco/C7319
Health associate professionals not elsewhere classified,Uncategorized,health-associate-professionals-not-elsewhere-classified,3259,51053,24.54,Associate's degree,None,None,4435,10200,5,As fast as average,200,http://data.europa.eu/esco/isco/C3259
Health care assistants,Uncategorized,health-care-assistants,5321,27820,13.38,High school diploma or equivalent,None,None,29300,10200,6,As fast as average,200,http://data.europa.eu/esco/isco/C5321
Health professionals not elsewhere classified,Uncategorized,health-professionals-not-elsewhere-classified,2269,72640,34.92,Bachelor's degree,None,None,12353,10200,10,As fast as average,200,http://data.europa.eu/esco/isco/C2269
Health services managers,Uncategorized,health-services-managers,1342,93278,44.85,Bachelor's degree,None,None,5928,10200,6,As fast as average,200,http://data.europa.eu/esco/isco/C1342
Heavy truck and lorry drivers,Uncategorized,heavy-truck-and-lorry-drivers,8332,31837,15.31,High school diploma or equivalent,None,None,13663,10200,1,As fast as average,200,http://data.europa.eu/esco/isco/C8332
Home-based personal care workers,Uncategorized,home-based-personal-care-workers,5322,28355,13.63,High school diploma or equivalent,None,None,29300,10200,9,As fast as average,200,http://data.europa.eu/esco/isco/C5322
Hotel managers,Uncategorized,hotel-managers,1411,92412,44.43,Bachelor's degree,None,None,7240,10200,3,As fast as average,200,http://data.europa.eu/esco/isco/C1411
Hotel receptionists,Uncategorized,hotel-receptionists,4224,49378,23.74,High school diploma or equivalent,None,None,5450,10200,-3,As fast as average,200,http://data.europa.eu/esco/isco/C4224
House builders,Uncategorized,house-builders,7111,54237,26.08,High school diploma or equivalent,None,None,10868,10200,4,As fast as average,200,http://data.europa.eu/esco/isco/C7111
Human resource managers,Uncategorized,human-resource-managers,1212,97188,46.73,Bachelor's degree,None,None,12442,10200,3,As fast as average,200,http://data.europa.eu/esco/isco/C1212
Hunters and trappers,Uncategorized,hunters-and-trappers,6224,36645,17.62,No formal educational credential,None,None,1180,10200,0,As fast as average,200,http://data.europa.eu/esco/isco/C6224
Incinerator and water treatment plant operators,Uncategorized,incinerator-and-water-treatment-plant-operators,3132,62132,29.87,Associate's degree,None,None,8461,10200,6,As fast as average,200,http://data.europa.eu/esco/isco/C3132
Industrial and production engineers,Uncategorized,industrial-and-production-engineers,2141,69090,33.22,Bachelor's degree,None,None,6041,10200,9,As fast as average,200,http://data.europa.eu/esco/isco/C2141
Information and communications technology installers and servicers,Uncategorized,information-and-communications-technology-installers-and-servicers,7422,44392,21.34,High school diploma or equivalent,None,None,16260,10200,5,As fast as average,200,http://data.europa.eu/esco/isco/C7422
Information and communications technology operations technicians,Uncategorized,information-and-communications-technology-operations-technicians,3511,60455,29.06,Associate's degree,None,None,7200,10200,5,As fast as average,200,http://data.europa.eu/esco/isco/C3511
Information and communications technology sales professionals,Uncategorized,information-and-communications-technology-sales-professionals,2434,63728,30.64,Bachelor's degree,None,None,12909,10200,6,As fast as average,200,http://data.europa.eu/esco/isco/C2434
Information and communications technology service managers,Uncategorized,information-and-communications-technology-service-managers,1330,82520,39.67,Bachelor's degree,None,None,5928,10200,5,As fast as average,200,http://data.europa.eu/esco/isco/C1330
Information and communications technology user support technicians,Uncategorized,information-and-communications-technology-user-support-technicians,3512,65533,31.51,Associate's degree,None,None,7200,10200,6,As fast as average,200,http://data.europa.eu/esco/isco/C3512
Information technology trainers,Uncategorized,information-technology-trainers,2356,66352,31.90,Bachelor's degree,None,None,19925,10200,9,As fast as average,200,http://data.europa.eu/esco/isco/C2356
Inland and coastal waters fishery workers,Uncategorized,inland-and-coastal-waters-fishery-workers,6222,29711,14.28,No formal educational credential,None,None,1180,10200,1,As fast as average,200,http://data.europa.eu/esco/isco/C6222
Insulation workers,Uncategorized,insulation-workers,7124,47113,22.65,High school diploma or equivalent,None,None,10868,10200,3,As fast as average,200,http://data.europa.eu/esco/isco/C7124
Insurance representatives,Uncategorized,insurance-representatives,3321,53386,25.67,Associate's degree,None,None,15437,10200,2,As fast as average,200,http://data.europa.eu/esco/isco/C3321
Interior designers and decorators,Uncategorized,interior-designers-and-decorators,3432,48642,23.39,Associate's degree,None,None,8400,10200,7,As fast as average,200,http://data.europa.eu/esco/isco/C3432
Jewellery and precious-metal workers,Uncategorized,jewellery-and-precious-metal-workers,7313,35244,16.94,High school diploma or equivalent,None,None,1358,10200,1,As fast as average,200,http://data.europa.eu/esco/isco/C7313
Journalists,Uncategorized,journalists,2642,68595,32.98,Bachelor's degree,None,None,6304,10200,7,As fast as average,200,http://data.europa.eu/esco/isco/C2642
Judges,Uncategorized,judges,2612,66045,31.75,Bachelor's degree,None,None,6304,10200,11,As fast as average,200,http://data.europa.eu/esco/isco/C2612
Kitchen helpers,Uncategorized,kitchen-helpers,9412,36275,17.44,No formal educational credential,None,None,16750,10200,2,As fast as average,200,http://data.europa.eu/esco/isco/C9412
Landscape architects,Uncategorized,landscape-architects,2162,79783,38.36,Bachelor's degree,None,None,6041,10200,8,As fast as average,200,http://data.europa.eu/esco/isco/C2162
Laundry machine operators,Uncategorized,laundry-machine-operators,8157,32001,15.39,High school diploma or equivalent,None,None,2219,10200,-2,As fast as average,200,http://data.europa.eu/esco/isco/C8157
Lawyers,Uncategorized,lawyers,2611,77444,37.23,Bachelor's degree,None,None,6304,10200,7,As fast as average,200,http://data.europa.eu/esco/isco/C2611
Legal and related associate professionals,Uncategorized,legal-and-related-associate-professionals,3411,67243,32.33,Associate's degree,None,None,8400,10200,4,As fast as average,200,http://data.europa.eu/esco/isco/C3411
Legal professionals not elsewhere classified,Uncategorized,legal-professionals-not-elsewhere-classified,2619,80497,38.70,Bachelor's degree,None,None,6304,10200,6,As fast as average,200,http://data.europa.eu/esco/isco/C2619
Legal secretaries,Uncategorized,legal-secretaries,3342,57810,27.79,Associate's degree,None,None,15437,10200,4,As fast as average,200,http://data.europa.eu/esco/isco/C3342
Legislators,Uncategorized,legislators,1111,88665,42.63,Bachelor's degree,None,None,6880,10200,7,As fast as average,200,http://data.europa.eu/esco/isco/C1111
Librarians and related information professionals,Uncategorized,librarians-and-related-information-professionals,2622,80828,38.86,Bachelor's degree,None,None,6304,10200,11,As fast as average,200,http://data.europa.eu/esco/isco/C2622
Library clerks,Uncategorized,library-clerks,4411,35819,17.22,High school diploma or equivalent,None,None,3742,10200,-4,As fast as average,200,http://data.europa.eu/esco/isco/C4411
Life science technicians (excluding medical),Uncategorized,life-science-technicians-excluding-medical,3141,64723,31.12,Associate's degree,None,None,8461,10200,2,As fast as average,200,http://data.europa.eu/esco/isco/C3141
Lifting truck operators,Uncategorized,lifting-truck-operators,8344,46880,22.54,High school diploma or equivalent,None,None,13663,10200,3,As fast as average,200,http://data.europa.eu/esco/isco/C8344
Livestock and dairy producers,Uncategorized,livestock-and-dairy-producers,6121,20621,9.91,No formal educational credential,None,None,12833,10200,0,As fast as average,200,http://data.europa.eu/esco/isco/C6121
Livestock farm labourers,Uncategorized,livestock-farm-labourers,9212,31968,15.37,No formal educational credential,None,None,950,10200,1,As fast as average,200,http://data.europa.eu/esco/isco/C9212
Locomotive engine drivers,Uncategorized,locomotive-engine-drivers,8311,31354,15.07,High school diploma or equivalent,None,None,13663,10200,0,As fast as average,200,http://data.europa.eu/esco/isco/C8311
Mail carriers and sorting clerks,Uncategorized,mail-carriers-and-sorting-clerks,4412,28921,13.90,High school diploma or equivalent,None,None,3742,10200,-7,As fast as average,200,http://data.europa.eu/esco/isco/C4412
Management and organisation analysts,Uncategorized,management-and-organisation-analysts,2421,70573,33.93,Bachelor's degree,None,None,12909,10200,6,As fast as average,200,http://data.europa.eu/esco/isco/C2421
Managing directors and chief executives,Uncategorized,managing-directors-and-chief-executives,1120,90973,43.74,Bachelor's degree,None,None,6880,10200,6,As fast as average,200,http://data.europa.eu/esco/isco/C1120
Manufacturing labourers not elsewhere classified,Uncategorized,manufacturing-labourers-not-elsewhere-classified,9329,15213,7.31,No formal educational credential,None,None,15888,10200,2,As fast as average,200,http://data.europa.eu/esco/isco/C9329
Manufacturing managers,Uncategorized,manufacturing-managers,1321,93240,44.83,Bachelor's degree,None,None,5928,10200,7,As fast as average,200,http://data.europa.eu/esco/isco/C1321
Manufacturing supervisors,Uncategorized,manufacturing-supervisors,3122,59362,28.54,Associate's degree,None,None,8461,10200,5,As fast as average,200,http://data.europa.eu/esco/isco/C3122
"Mathematicians, actuaries and statisticians",Uncategorized,mathematicians-actuaries-and-statisticians,2120,78433,37.71,Bachelor's degree,None,None,6041,10200,7,As fast as average,200,http://data.europa.eu/esco/isco/C2120
Mechanical engineering technicians,Uncategorized,mechanical-engineering-technicians,3115,68402,32.89,Associate's degree,None,None,8461,10200,2,As fast as average,200,http://data.europa.eu/esco/isco/C3115
Mechanical engineers,Uncategorized,mechanical-engineers,2144,82540,39.68,Bachelor's degree,None,None,6041,10200,9,As fast as average,200,http://data.europa.eu/esco/isco/C2144
Mechanical machinery assemblers,Uncategorized,mechanical-machinery-assemblers,8211,39593,19.04,High school diploma or equivalent,None,None,6366,10200,1,As fast as average,200,http://data.europa.eu/esco/isco/C8211
Medical and dental prosthetic technicians,Uncategorized,medical-and-dental-prosthetic-technicians,3214,48058,23.10,Associate's degree,None,None,4435,10200,3,As fast as average,200,http://data.europa.eu/esco/isco/C3214
Medical and pathology laboratory technicians,Uncategorized,medical-and-pathology-laboratory-technicians,3212,61156,29.40,Associate's degree,None,None,4435,10200,4,As fast as average,200,http://data.europa.eu/esco/isco/C3212
Medical assistants,Uncategorized,medical-assistants,3256,55533,26.70,Associate's degree,None,None,4435,10200,3,As fast as average,200,http://data.europa.eu/esco/isco/C3256
Medical imaging and therapeutic equipment technicians,Uncategorized,medical-imaging-and-therapeutic-equipment-technicians,3211,50698,24.37,Associate's degree,None,None,4435,10200,6,As fast as average,200,http://data.europa.eu/esco/isco/C3211
Medical records and health information technicians,Uncategorized,medical-records-and-health-information-technicians,3252,50941,24.49,Associate's degree,None,None,4435,10200,5,As fast as average,200,http://data.europa.eu/esco/isco/C3252
Medical secretaries,Uncategorized,medical-secretaries,3344,62218,29.91,Associate's degree,None,None,15437,10200,3,As fast as average,200,http://data.europa.eu/esco/isco/C3344
"Messengers, package deliverers and luggage porters",Uncategorized,messengers-package-deliverers-and-luggage-porters,9621,15326,7.37,No formal educational credential,None,None,2287,10200,4,As fast as average,200,http://data.europa.eu/esco/isco/C9621
"Metal finishing, plating and coating machine operators",Uncategorized,metal-finishing-plating-and-coating-machine-operators,8122,48264,23.20,High school diploma or equivalent,None,None,2219,10200,1,As fast as average,200,http://data.europa.eu/esco/isco/C8122
Metal moulders and coremakers,Uncategorized,metal-moulders-and-coremakers,7211,41290,19.85,High school diploma or equivalent,None,None,13576,10200,1,As fast as average,200,http://data.europa.eu/esco/isco/C7211
"Metal polishers, wheel grinders and tool sharpeners",Uncategorized,metal-polishers-wheel-grinders-and-tool-sharpeners,7224,44977,21.62,High school diploma or equivalent,None,None,13576,10200,1,As fast as average,200,http://data.europa.eu/esco/isco/C7224
Metal processing plant operators,Uncategorized,metal-processing-plant-operators,8121,37806,18.18,High school diploma or equivalent,None,None,2219,10200,-1,As fast as average,200,http://data.europa.eu/esco/isco/C8121
Metal production process controllers,Uncategorized,metal-production-process-controllers,3135,46629,22.42,Associate's degree,None,None,8461,10200,5,As fast as average,200,http://data.europa.eu/esco/isco/C3135
Metal working machine tool setters and operators,Uncategorized,metal-working-machine-tool-setters-and-operators,7223,51905,24.95,High school diploma or equivalent,None,None,13576,10200,4,As fast as average,200,http://data.europa.eu/esco/isco/C7223
Meteorologists,Uncategorized,meteorologists,2112,82410,39.62,Bachelor's degree,None,None,6041,10200,6,As fast as average,200,http://data.europa.eu/esco/isco/C2112
Meter readers and vending-machine collectors,Uncategorized,meter-readers-and-vending-machine-collectors,9623,22931,11.02,No formal educational credential,None,None,2287,10200,6,As fast as average,200,http://data.europa.eu/esco/isco/C9623
Midwifery associate professionals,Uncategorized,midwifery-associate-professionals,3222,51587,24.80,Associate's degree,None,None,4435,10200,5,As fast as average,200,http://data.europa.eu/esco/isco/C3222
Midwifery professionals,Uncategorized,midwifery-professionals,2222,77473,37.25,Bachelor's degree,None,None,12353,10200,7,As fast as average,200,http://data.europa.eu/esco/isco/C2222
Mineral and stone processing plant operators,Uncategorized,mineral-and-stone-processing-plant-operators,8112,45713,21.98,High school diploma or equivalent,None,None,2219,10200,2,As fast as average,200,http://data.europa.eu/esco/isco/C8112
Miners and quarriers,Uncategorized,miners-and-quarriers,8111,48357,23.25,High school diploma or equivalent,None,None,2219,10200,-2,As fast as average,200,http://data.europa.eu/esco/isco/C8111
Mining and metallurgical technicians,Uncategorized,mining-and-metallurgical-technicians,3117,50028,24.05,Associate's degree,None,None,8461,10200,7,As fast as average,200,http://data.europa.eu/esco/isco/C3117
Mining and quarrying labourers,Uncategorized,mining-and-quarrying-labourers,9311,17159,8.25,No formal educational credential,None,None,15888,10200,5,As fast as average,200,http://data.europa.eu/esco/isco/C9311
"Mining engineers, metallurgists and related professionals",Uncategorized,mining-engineers-metallurgists-and-related-professionals,2146,75940,36.51,Bachelor's degree,None,None,6041,10200,10,As fast as average,200,http://data.europa.eu/esco/isco/C2146
Mining managers,Uncategorized,mining-managers,1322,100020,48.09,Bachelor's degree,None,None,5928,10200,7,As fast as average,200,http://data.europa.eu/esco/isco/C1322
Mining supervisors,Uncategorized,mining-supervisors,3121,50195,24.13,Associate's degree,None,None,8461,10200,5,As fast as average,200,http://data.europa.eu/esco/isco/C3121
Mixed crop and animal producers,Uncategorized,mixed-crop-and-animal-producers,6130,36556,17.57,No formal educational credential,None,None,12833,10200,1,As fast as average,200,http://data.europa.eu/esco/isco/C6130
Mixed crop and livestock farm labourers,Uncategorized,mixed-crop-and-livestock-farm-labourers,9213,37276,17.92,No formal educational credential,None,None,950,10200,2,As fast as average,200,http://data.europa.eu/esco/isco/C9213
Mixed crop growers,Uncategorized,mixed-crop-growers,6114,35081,16.87,No formal educational credential,None,None,12833,10200,-1,As fast as average,200,http://data.europa.eu/esco/isco/C6114
Mobile farm and forestry plant operators,Uncategorized,mobile-farm-and-forestry-plant-operators,8341,36081,17.35,High school diploma or equivalent,None,None,13663,10200,0,As fast as average,200,http://data.europa.eu/esco/isco/C8341
Motor vehicle mechanics and repairers,Uncategorized,motor-vehicle-mechanics-and-repairers,7231,35848,17.23,High school diploma or equivalent,None,None,13576,10200,1,As fast as average,200,http://data.europa.eu/esco/isco/C7231
Motorcycle drivers,Uncategorized,motorcycle-drivers,8321,48289,23.22,High school diploma or equivalent,None,None,13663,10200,-1,As fast as average,200,http://data.europa.eu/esco/isco/C8321
Musical instrument makers and tuners,Uncategorized,musical-instrument-makers-and-tuners,7312,56517,27.17,High school diploma or equivalent,None,None,1358,10200,5,As fast as average,200,http://data.europa.eu/esco/isco/C7312
"Musicians, singers and composers",Uncategorized,musicians-singers-and-composers,2652,73466,35.32,Bachelor's degree,None,None,6304,10200,7,As fast as average,200,http://data.europa.eu/esco/isco/C2652
Non-commissioned armed forces officers,Uncategorized,non-commissioned-armed-forces-officers,0210,47942,23.05,High school diploma or equivalent,None,None,5900,10200,-1,As fast as average,200,http://data.europa.eu/esco/isco/C0210
Nursing associate professionals,Uncategorized,nursing-associate-professionals,3221,53059,25.51,Associate's degree,None,None,4435,10200,3,As fast as average,200,http://data.europa.eu/esco/isco/C3221
Nursing professionals,Uncategorized,nursing-professionals,2221,73879,35.52,Bachelor's degree,None,None,12353,10200,7,As fast as average,200,http://data.europa.eu/esco/isco/C2221
Odd job persons,Uncategorized,odd-job-persons,9622,37610,18.08,No formal educational credential,None,None,2287,10200,6,As fast as average,200,http://data.europa.eu/esco/isco/C9622
Office supervisors,Uncategorized,office-supervisors,3341,66978,32.20,Associate's degree,None,None,15437,10200,6,As fast as average,200,http://data.europa.eu/esco/isco/C3341
Optometrists and ophthalmic opticians,Uncategorized,optometrists-and-ophthalmic-opticians,2267,72078,34.65,Bachelor's degree,None,None,12353,10200,10,As fast as average,200,http://data.europa.eu/esco/isco/C2267
Other artistic and cultural associate professionals,Uncategorized,other-artistic-and-cultural-associate-professionals,3435,49776,23.93,Associate's degree,None,None,8400,10200,3,As fast as average,200,http://data.europa.eu/esco/isco/C3435
Other arts teachers,Uncategorized,other-arts-teachers,2355,68529,32.95,Bachelor's degree,None,None,19925,10200,8,As fast as average,200,http://data.europa.eu/esco/isco/C2355
Other cleaning workers,Uncategorized,other-cleaning-workers,9129,29842,14.35,No formal educational credential,None,None,23733,10200,1,As fast as average,200,http://data.europa.eu/esco/isco/C9129
Other language teachers,Uncategorized,other-language-teachers,2353,65429,31.46,Bachelor's degree,None,None,19925,10200,11,As fast as average,200,http://data.europa.eu/esco/isco/C2353
Other music teachers,Uncategorized,other-music-teachers,2354,85381,41.05,Bachelor's degree,None,None,19925,10200,10,As fast as average,200,http://data.europa.eu/esco/isco/C2354
"Packing, bottling and labelling machine operators",Uncategorized,packing-bottling-and-labelling-machine-operators,8183,40715,19.57,High school diploma or equivalent,None,None,2219,10200,0,As fast as average,200,http://data.europa.eu/esco/isco/C8183
Painters and related workers,Uncategorized,painters-and-related-workers,7131,35717,17.17,High school diploma or equivalent,None,None,10868,10200,3,As fast as average,200,http://data.europa.eu/esco/isco/C7131
Paper products machine operators,Uncategorized,paper-products-machine-operators,8143,31477,15.13,High school diploma or equivalent,None,None,2219,10200,1,As fast as average,200,http://data.europa.eu/esco/isco/C8143
Paramedical practitioners,Uncategorized,paramedical-practitioners,2240,75568,36.33,Bachelor's degree,None,None,12353,10200,10,As fast as average,200,http://data.europa.eu/esco/isco/C2240
Pawnbrokers and money-lenders,Uncategorized,pawnbrokers-and-money-lenders,4213,48489,23.31,High school diploma or equivalent,None,None,5450,10200,-5,As fast as average,200,http://data.europa.eu/esco/isco/C4213
Payroll clerks,Uncategorized,payroll-clerks,4313,42914,20.63,High school diploma or equivalent,None,None,22216,10200,-4,As fast as average,200,http://data.europa.eu/esco/isco/C4313
"Pelt dressers, tanners and fellmongers",Uncategorized,pelt-dressers-tanners-and-fellmongers,7535,46353,22.29,High school diploma or equivalent,None,None,3515,10200,3,As fast as average,200,http://data.europa.eu/esco/isco/C7535
Personal care workers in health services not elsewhere classified,Uncategorized,personal-care-workers-in-health-services-not-elsewhere-classified,5329,40200,19.33,High school diploma or equivalent,None,None,29300,10200,9,As fast as average,200,http://data.europa.eu/esco/isco/C5329
Personal services workers not elsewhere classified,Uncategorized,personal-services-workers-not-elsewhere-classified,5169,39739,19.11,High school diploma or equivalent,None,None,14170,10200,4,As fast as average,200,http://data.europa.eu/esco/isco/C5169
Personnel and careers professionals,Uncategorized,personnel-and-careers-professionals,2423,66453,31.95,Bachelor's degree,None,None,12909,10200,8,As fast as average,200,http://data.europa.eu/esco/isco/C2423
Personnel clerks,Uncategorized,personnel-clerks,4416,33739,16.22,High school diploma or equivalent,None,None,3742,10200,-4,As fast as average,200,http://data.europa.eu/esco/isco/C4416
Pet groomers and animal care workers,Uncategorized,pet-groomers-and-animal-care-workers,5164,38633,18.57,High school diploma or equivalent,None,None,14170,10200,4,As fast as average,200,http://data.europa.eu/esco/isco/C5164
Petroleum and natural gas refining plant operators,Uncategorized,petroleum-and-natural-gas-refining-plant-operators,3134,49775,23.93,Associate's degree,None,None,8461,10200,3,As fast as average,200,http://data.europa.eu/esco/isco/C3134
Pharmaceutical technicians and assistants,Uncategorized,pharmaceutical-technicians-and-assistants,3213,55227,26.55,Associate's degree,None,None,4435,10200,5,As fast as average,200,http://data.europa.eu/esco/isco/C3213
Pharmacists,Uncategorized,pharmacists,2262,74545,35.84,Bachelor's degree,None,None,12353,10200,8,As fast as average,200,http://data.europa.eu/esco/isco/C2262
"Philosophers, historians and political scientists",Uncategorized,philosophers-historians-and-political-scientists,2633,80920,38.90,Bachelor's degree,None,None,6304,10200,6,As fast as average,200,http://data.europa.eu/esco/isco/C2633
Photographers,Uncategorized,photographers,3431,50788,24.42,Associate's degree,None,None,8400,10200,6,As fast as average,200,http://data.europa.eu/esco/isco/C3431
Photographic products machine operators,Uncategorized,photographic-products-machine-operators,8132,37155,17.86,High school diploma or equivalent,None,None,2219,10200,2,As fast as average,200,http://data.europa.eu/esco/isco/C8132
Physical and engineering science technicians not elsewhere classified,Uncategorized,physical-and-engineering-science-technicians-not-elsewhere-classified,3119,65975,31.72,Associate's degree,None,None,8461,10200,4,As fast as average,200,http://data.europa.eu/esco/isco/C3119
Physicists and astronomers,Uncategorized,physicists-and-astronomers,2111,72953,35.07,Bachelor's degree,None,None,6041,10200,11,As fast as average,200,http://data.europa.eu/esco/isco/C2111
Physiotherapists,Uncategorized,physiotherapists,2264,83028,39.92,Bachelor's degree,None,None,12353,10200,8,As fast as average,200,http://data.europa.eu/esco/isco/C2264
Physiotherapy technicians and assistants,Uncategorized,physiotherapy-technicians-and-assistants,3255,54844,26.37,Associate's degree,None,None,4435,10200,2,As fast as average,200,http://data.europa.eu/esco/isco/C3255
Plasterers,Uncategorized,plasterers,7123,54116,26.02,High school diploma or equivalent,None,None,10868,10200,0,As fast as average,200,http://data.europa.eu/esco/isco/C7123
Plastic products machine operators,Uncategorized,plastic-products-machine-operators,8142,34994,16.82,High school diploma or equivalent,None,None,2219,10200,0,As fast as average,200,http://data.europa.eu/esco/isco/C8142
Plumbers and pipe fitters,Uncategorized,plumbers-and-pipe-fitters,7126,49589,23.84,High school diploma or equivalent,None,None,10868,10200,4,As fast as average,200,http://data.europa.eu/esco/isco/C7126
Police inspectors and detectives,Uncategorized,police-inspectors-and-detectives,3355,62408,30.00,Associate's degree,None,None,15437,10200,5,As fast as average,200,http://data.europa.eu/esco/isco/C3355
Police officers,Uncategorized,police-officers,5412,23980,11.53,High school diploma or equivalent,None,None,9460,10200,4,As fast as average,200,http://data.europa.eu/esco/isco/C5412
Policy administration professionals,Uncategorized,policy-administration-professionals,2422,68730,33.04,Bachelor's degree,None,None,12909,10200,11,As fast as average,200,http://data.europa.eu/esco/isco/C2422
Policy and planning managers,Uncategorized,policy-and-planning-managers,1213,82236,39.54,Bachelor's degree,None,None,12442,10200,2,As fast as average,200,http://data.europa.eu/esco/isco/C1213
Potters and related workers,Uncategorized,potters-and-related-workers,7314,50356,24.21,High school diploma or equivalent,None,None,1358,10200,4,As fast as average,200,http://data.europa.eu/esco/isco/C7314
Poultry producers,Uncategorized,poultry-producers,6122,31683,15.23,No formal educational credential,None,None,12833,10200,-3,As fast as average,200,http://data.europa.eu/esco/isco/C6122
Power production plant operators,Uncategorized,power-production-plant-operators,3131,46025,22.13,Associate's degree,None,None,8461,10200,7,As fast as average,200,http://data.europa.eu/esco/isco/C3131
Pre-press technicians,Uncategorized,pre-press-technicians,7321,48556,23.34,High school diploma or equivalent,None,None,1358,10200,1,As fast as average,200,http://data.europa.eu/esco/isco/C7321
Precision-instrument makers and repairers,Uncategorized,precision-instrument-makers-and-repairers,7311,35418,17.03,High school diploma or equivalent,None,None,1358,10200,4,As fast as average,200,http://data.europa.eu/esco/isco/C7311
Primary school teachers,Uncategorized,primary-school-teachers,2341,63593,30.57,Bachelor's degree,None,None,19925,10200,11,As fast as average,200,http://data.europa.eu/esco/isco/C2341
Print finishing and binding workers,Uncategorized,print-finishing-and-binding-workers,7323,37577,18.07,High school diploma or equivalent,None,None,1358,10200,2,As fast as average,200,http://data.europa.eu/esco/isco/C7323
Printers,Uncategorized,printers,7322,44530,21.41,High school diploma or equivalent,None,None,1358,10200,1,As fast as average,200,http://data.europa.eu/esco/isco/C7322
Prison guards,Uncategorized,prison-guards,5413,40344,19.40,High school diploma or equivalent,None,None,9460,10200,6,As fast as average,200,http://data.europa.eu/esco/isco/C5413
Process control technicians not elsewhere classified,Uncategorized,process-control-technicians-not-elsewhere-classified,3139,63888,30.72,Associate's degree,None,None,8461,10200,5,As fast as average,200,http://data.europa.eu/esco/isco/C3139
Product and garment designers,Uncategorized,product-and-garment-designers,2163,76784,36.92,Bachelor's degree,None,None,6041,10200,8,As fast as average,200,http://data.europa.eu/esco/isco/C2163
Product graders and testers (excluding foods and beverages),Uncategorized,product-graders-and-testers-excluding-foods-and-beverages,7543,55236,26.56,High school diploma or equivalent,None,None,3515,10200,2,As fast as average,200,http://data.europa.eu/esco/isco/C7543
Production clerks,Uncategorized,production-clerks,4322,41454,19.93,High school diploma or equivalent,None,None,22216,10200,-2,As fast as average,200,http://data.europa.eu/esco/isco/C4322
Professional services managers not elsewhere classified,Uncategorized,professional-services-managers-not-elsewhere-classified,1349,87378,42.01,Bachelor's degree,None,None,5928,10200,4,As fast as average,200,http://data.europa.eu/esco/isco/C1349
Protective services workers not elsewhere classified,Uncategorized,protective-services-workers-not-elsewhere-classified,5419,30402,14.62,High school diploma or equivalent,None,None,9460,10200,7,As fast as average,200,http://data.europa.eu/esco/isco/C5419
Psychologists,Uncategorized,psychologists,2634,79715,38.32,Bachelor's degree,None,None,6304,10200,6,As fast as average,200,http://data.europa.eu/esco/isco/C2634
Public relations professionals,Uncategorized,public-relations-professionals,2432,75913,36.50,Bachelor's degree,None,None,12909,10200,7,As fast as average,200,http://data.europa.eu/esco/isco/C2432
Pulp and papermaking plant operators,Uncategorized,pulp-and-papermaking-plant-operators,8171,51770,24.89,High school diploma or equivalent,None,None,2219,10200,2,As fast as average,200,http://data.europa.eu/esco/isco/C8171
"Railway brake, signal and switch operators",Uncategorized,railway-brake-signal-and-switch-operators,8312,40227,19.34,High school diploma or equivalent,None,None,13663,10200,0,As fast as average,200,http://data.europa.eu/esco/isco/C8312
Real estate agents and property managers,Uncategorized,real-estate-agents-and-property-managers,3334,53515,25.73,Associate's degree,None,None,15437,10200,6,As fast as average,200,http://data.europa.eu/esco/isco/C3334
Receptionists (general),Uncategorized,receptionists-general,4226,44211,21.26,High school diploma or equivalent,None,None,5450,10200,-4,As fast as average,200,http://data.europa.eu/esco/isco/C4226
Refuse sorters,Uncategorized,refuse-sorters,9612,25940,12.47,No formal educational credential,None,None,2287,10200,2,As fast as average,200,http://data.europa.eu/esco/isco/C9612
Regulatory government associate professionals not elsewhere classified,Uncategorized,regulatory-government-associate-professionals-not-elsewhere-classified,3359,61096,29.37,Associate's degree,None,None,15437,10200,4,As fast as average,200,http://data.europa.eu/esco/isco/C3359
Religious associate professionals,Uncategorized,religious-associate-professionals,3413,61598,29.61,Associate's degree,None,None,8400,10200,4,As fast as average,200,http://data.europa.eu/esco/isco/C3413
Religious professionals,Uncategorized,religious-professionals,2636,75456,36.28,Bachelor's degree,None,None,6304,10200,10,As fast as average,200,http://data.europa.eu/esco/isco/C2636
Research and development managers,Uncategorized,research-and-development-managers,1223,98765,47.48,Bachelor's degree,None,None,12442,10200,7,As fast as average,200,http://data.europa.eu/esco/isco/C1223
Restaurant managers,Uncategorized,restaurant-managers,1412,83660,40.22,Bachelor's degree,None,None,7240,10200,3,As fast as average,200,http://data.europa.eu/esco/isco/C1412
Retail and wholesale trade managers,Uncategorized,retail-and-wholesale-trade-managers,1420,90472,43.50,Bachelor's degree,None,None,7240,10200,3,As fast as average,200,http://data.europa.eu/esco/isco/C1420
Riggers and cable splicers,Uncategorized,riggers-and-cable-splicers,7215,44262,21.28,High school diploma or equivalent,None,None,13576,10200,2,As fast as average,200,http://data.europa.eu/esco/isco/C7215
Roofers,Uncategorized,roofers,7121,40861,19.64,High school diploma or equivalent,None,None,10868,10200,5,As fast as average,200,http://data.europa.eu/esco/isco/C7121
Rubber products machine operators,Uncategorized,rubber-products-machine-operators,8141,41032,19.73,High school diploma or equivalent,None,None,2219,10200,1,As fast as average,200,http://data.europa.eu/esco/isco/C8141
Sales and marketing managers,Uncategorized,sales-and-marketing-managers,1221,85676,41.19,Bachelor's degree,None,None,12442,10200,4,As fast as average,200,http://data.europa.eu/esco/isco/C1221
Sales demonstrators,Uncategorized,sales-demonstrators,5242,32663,15.70,High school diploma or equivalent,None,None,24676,10200,5,As fast as average,200,http://data.europa.eu/esco/isco/C5242
Sales workers not elsewhere classified,Uncategorized,sales-workers-not-elsewhere-classified,5249,25701,12.36,High school diploma or equivalent,None,None,24676,10200,8,As fast as average,200,http://data.europa.eu/esco/isco/C5249
Scribes and related workers,Uncategorized,scribes-and-related-workers,4414,35643,17.14,High school diploma or equivalent,None,None,3742,10200,-3,As fast as average,200,http://data.europa.eu/esco/isco/C4414
Secondary education teachers,Uncategorized,secondary-education-teachers,2330,80462,38.68,Bachelor's degree,None,None,19925,10200,9,As fast as average,200,http://data.europa.eu/esco/isco/C2330
Secretaries (general),Uncategorized,secretaries-general,4120,39293,18.89,High school diploma or equivalent,None,None,46725,10200,-3,As fast as average,200,http://data.europa.eu/esco/isco/C4120
Securities and finance dealers and brokers,Uncategorized,securities-and-finance-dealers-and-brokers,3311,54325,26.12,Associate's degree,None,None,15437,10200,6,As fast as average,200,http://data.europa.eu/esco/isco/C3311
Security guards,Uncategorized,security-guards,5414,39127,18.81,High school diploma or equivalent,None,None,9460,10200,4,As fast as average,200,http://data.europa.eu/esco/isco/C5414
Senior government officials,Uncategorized,senior-government-officials,1112,93171,44.79,Bachelor's degree,None,None,6880,10200,7,As fast as average,200,http://data.europa.eu/esco/isco/C1112
Senior officials of special-interest organisations,Uncategorized,senior-officials-of-special-interest-organisations,1114,99932,48.04,Bachelor's degree,None,None,6880,10200,6,As fast as average,200,http://data.europa.eu/esco/isco/C1114
Service station attendants,Uncategorized,service-station-attendants,5245,32738,15.74,High school diploma or equivalent,None,None,24676,10200,5,As fast as average,200,http://data.europa.eu/esco/isco/C5245
Services managers not elsewhere classified,Uncategorized,services-managers-not-elsewhere-classified,1439,89082,42.83,Bachelor's degree,None,None,7240,10200,7,As fast as average,200,http://data.europa.eu/esco/isco/C1439
Sewing machine operators,Uncategorized,sewing-machine-operators,8153,32120,15.44,High school diploma or equivalent,None,None,2219,10200,2,As fast as average,200,http://data.europa.eu/esco/isco/C8153
"Sewing, embroidery and related workers",Uncategorized,sewing-embroidery-and-related-workers,7533,41464,19.93,High school diploma or equivalent,None,None,3515,10200,5,As fast as average,200,http://data.europa.eu/esco/isco/C7533
Sheet-metal workers,Uncategorized,sheet-metal-workers,7213,39045,18.77,High school diploma or equivalent,None,None,13576,10200,5,As fast as average,200,http://data.europa.eu/esco/isco/C7213
Shelf fillers,Uncategorized,shelf-fillers,9334,34194,16.44,No formal educational credential,None,None,15888,10200,4,As fast as average,200,http://data.europa.eu/esco/isco/C9334
Ships' deck officers and pilots,Uncategorized,ships-deck-officers-and-pilots,3152,67887,32.64,Associate's degree,None,None,8461,10200,4,As fast as average,200,http://data.europa.eu/esco/isco/C3152
Shipsâ€™ deck crews and related workers,Uncategorized,ships-deck-crews-and-related-workers,8350,31391,15.09,High school diploma or equivalent,None,None,13663,10200,0,As fast as average,200,http://data.europa.eu/esco/isco/C8350
Shipsâ€™ engineers,Uncategorized,ships-engineers,3151,56100,26.97,Associate's degree,None,None,8461,10200,2,As fast as average,200,http://data.europa.eu/esco/isco/C3151
Shoemakers and related workers,Uncategorized,shoemakers-and-related-workers,7536,50666,24.36,High school diploma or equivalent,None,None,3515,10200,4,As fast as average,200,http://data.europa.eu/esco/isco/C7536
Shoemaking and related machine operators,Uncategorized,shoemaking-and-related-machine-operators,8156,35928,17.27,High school diploma or equivalent,None,None,2219,10200,0,As fast as average,200,http://data.europa.eu/esco/isco/C8156
Shop keepers,Uncategorized,shop-keepers,5221,27524,13.23,High school diploma or equivalent,None,None,24676,10200,7,As fast as average,200,http://data.europa.eu/esco/isco/C5221
Shop sales assistants,Uncategorized,shop-sales-assistants,5223,23696,11.39,High school diploma or equivalent,None,None,24676,10200,5,As fast as average,200,http://data.europa.eu/esco/isco/C5223
Shop supervisors,Uncategorized,shop-supervisors,5222,27349,13.15,High school diploma or equivalent,None,None,24676,10200,6,As fast as average,200,http://data.europa.eu/esco/isco/C5222
Shotfirers and blasters,Uncategorized,shotfirers-and-blasters,7542,47528,22.85,High school diploma or equivalent,None,None,3515,10200,1,As fast as average,200,http://data.europa.eu/esco/isco/C7542
"Sign writers, decorative painters, engravers and etchers",Uncategorized,sign-writers-decorative-painters-engravers-and-etchers,7316,43148,20.74,High school diploma or equivalent,None,None,1358,10200,2,As fast as average,200,http://data.europa.eu/esco/isco/C7316
Social welfare managers,Uncategorized,social-welfare-managers,1344,100813,48.47,Bachelor's degree,None,None,5928,10200,7,As fast as average,200,http://data.europa.eu/esco/isco/C1344
Social work and counselling professionals,Uncategorized,social-work-and-counselling-professionals,2635,84687,40.71,Bachelor's degree,None,None,6304,10200,9,As fast as average,200,http://data.europa.eu/esco/isco/C2635
Social work associate professionals,Uncategorized,social-work-associate-professionals,3412,57382,27.59,Associate's degree,None,None,8400,10200,4,As fast as average,200,http://data.europa.eu/esco/isco/C3412
"Sociologists, anthropologists and related professionals",Uncategorized,sociologists-anthropologists-and-related-professionals,2632,68002,32.69,Bachelor's degree,None,None,6304,10200,11,As fast as average,200,http://data.europa.eu/esco/isco/C2632
Software and applications developers and analysts not elsewhere classified,Uncategorized,software-and-applications-developers-and-analysts-not-elsewhere-classified,2519,69784,33.55,Bachelor's degree,None,None,13422,10200,7,As fast as average,200,http://data.europa.eu/esco/isco/C2519
Software developers,Uncategorized,software-developers,2512,68435,32.90,Bachelor's degree,None,None,13422,10200,10,As fast as average,200,http://data.europa.eu/esco/isco/C2512
Special needs teachers,Uncategorized,special-needs-teachers,2352,82305,39.57,Bachelor's degree,None,None,19925,10200,11,As fast as average,200,http://data.europa.eu/esco/isco/C2352
Specialist medical practitioners,Uncategorized,specialist-medical-practitioners,2212,66567,32.00,Bachelor's degree,None,None,12353,10200,9,As fast as average,200,http://data.europa.eu/esco/isco/C2212
"Sports coaches, instructors and officials",Uncategorized,sports-coaches-instructors-and-officials,3422,60143,28.91,Associate's degree,None,None,8400,10200,4,As fast as average,200,http://data.europa.eu/esco/isco/C3422
"Sports, recreation and cultural centre managers",Uncategorized,sports-recreation-and-cultural-centre-managers,1431,88386,42.49,Bachelor's degree,None,None,7240,10200,5,As fast as average,200,http://data.europa.eu/esco/isco/C1431
Spray painters and varnishers,Uncategorized,spray-painters-and-varnishers,7132,57098,27.45,High school diploma or equivalent,None,None,10868,10200,0,As fast as average,200,http://data.europa.eu/esco/isco/C7132
Stall and market salespersons,Uncategorized,stall-and-market-salespersons,5211,24658,11.85,High school diploma or equivalent,None,None,24676,10200,7,As fast as average,200,http://data.europa.eu/esco/isco/C5211
Stationary plant and machine operators not elsewhere classified,Uncategorized,stationary-plant-and-machine-operators-not-elsewhere-classified,8189,50567,24.31,High school diploma or equivalent,None,None,2219,10200,1,As fast as average,200,http://data.europa.eu/esco/isco/C8189
"Statistical, finance and insurance clerks",Uncategorized,statistical-finance-and-insurance-clerks,4312,43545,20.94,High school diploma or equivalent,None,None,22216,10200,-2,As fast as average,200,http://data.europa.eu/esco/isco/C4312
"Statistical, mathematical and related associate professionals",Uncategorized,statistical-mathematical-and-related-associate-professionals,3314,53568,25.75,Associate's degree,None,None,15437,10200,3,As fast as average,200,http://data.europa.eu/esco/isco/C3314
Steam engine and boiler operators,Uncategorized,steam-engine-and-boiler-operators,8182,42058,20.22,High school diploma or equivalent,None,None,2219,10200,1,As fast as average,200,http://data.europa.eu/esco/isco/C8182
Stock clerks,Uncategorized,stock-clerks,4321,30686,14.75,High school diploma or equivalent,None,None,22216,10200,-6,As fast as average,200,http://data.europa.eu/esco/isco/C4321
"Stonemasons, stone cutters, splitters and carvers",Uncategorized,stonemasons-stone-cutters-splitters-and-carvers,7113,42609,20.49,High school diploma or equivalent,None,None,10868,10200,3,As fast as average,200,http://data.europa.eu/esco/isco/C7113
Street and related service workers,Uncategorized,street-and-related-service-workers,9510,27326,13.14,No formal educational credential,None,None,1724,10200,3,As fast as average,200,http://data.europa.eu/esco/isco/C9510
Street food salespersons,Uncategorized,street-food-salespersons,5212,42014,20.20,High school diploma or equivalent,None,None,24676,10200,8,As fast as average,200,http://data.europa.eu/esco/isco/C5212
Street vendors (excluding food),Uncategorized,street-vendors-excluding-food,9520,35518,17.08,No formal educational credential,None,None,1122,10200,6,As fast as average,200,http://data.europa.eu/esco/isco/C9520
Structural-metal preparers and erectors,Uncategorized,structural-metal-preparers-and-erectors,7214,49892,23.99,High school diploma or equivalent,None,None,13576,10200,4,As fast as average,200,http://data.europa.eu/esco/isco/C7214
Subsistence crop farmers,Uncategorized,subsistence-crop-farmers,6310,25524,12.27,No formal educational credential,None,None,1082,10200,-2,As fast as average,200,http://data.europa.eu/esco/isco/C6310
"Subsistence fishers, hunters, trappers and gatherers",Uncategorized,subsistence-fishers-hunters-trappers-and-gatherers,6340,24881,11.96,No formal educational credential,None,None,605,10200,-4,As fast as average,200,http://data.europa.eu/esco/isco/C6340
Subsistence livestock farmers,Uncategorized,subsistence-livestock-farmers,6320,17430,8.38,No formal educational credential,None,None,201,10200,1,As fast as average,200,http://data.europa.eu/esco/isco/C6320
Subsistence mixed crop and livestock farmers,Uncategorized,subsistence-mixed-crop-and-livestock-farmers,6330,35039,16.85,No formal educational credential,None,None,880,10200,-3,As fast as average,200,http://data.europa.eu/esco/isco/C6330
"Supply, distribution and related managers",Uncategorized,supply-distribution-and-related-managers,1324,86705,41.69,Bachelor's degree,None,None,5928,10200,7,As fast as average,200,http://data.europa.eu/esco/isco/C1324
Survey and market research interviewers,Uncategorized,survey-and-market-research-interviewers,4227,30081,14.46,High school diploma or equivalent,None,None,5450,10200,-7,As fast as average,200,http://data.europa.eu/esco/isco/C4227
Sweepers and related labourers,Uncategorized,sweepers-and-related-labourers,9613,36152,17.38,No formal educational credential,None,None,2287,10200,6,As fast as average,200,http://data.europa.eu/esco/isco/C9613
Systems administrators,Uncategorized,systems-administrators,2522,70752,34.02,Bachelor's degree,None,None,13422,10200,7,As fast as average,200,http://data.europa.eu/esco/isco/C2522
Systems analysts,Uncategorized,systems-analysts,2511,81797,39.33,Bachelor's degree,None,None,13422,10200,6,As fast as average,200,http://data.europa.eu/esco/isco/C2511
"Tailors, dressmakers, furriers and hatters",Uncategorized,tailors-dressmakers-furriers-and-hatters,7531,35954,17.29,High school diploma or equivalent,None,None,3515,10200,5,As fast as average,200,http://data.europa.eu/esco/isco/C7531
Teachersâ€™ aides,Uncategorized,teachers-aides,5312,36713,17.65,High school diploma or equivalent,None,None,29300,10200,7,As fast as average,200,http://data.europa.eu/esco/isco/C5312
Teaching professionals not elsewhere classified,Uncategorized,teaching-professionals-not-elsewhere-classified,2359,68928,33.14,Bachelor's degree,None,None,19925,10200,11,As fast as average,200,http://data.europa.eu/esco/isco/C2359
Technical and medical sales professionals (excluding ICT),Uncategorized,technical-and-medical-sales-professionals-excluding-ict,2433,67587,32.49,Bachelor's degree,None,None,12909,10200,7,As fast as average,200,http://data.europa.eu/esco/isco/C2433
Telecommunications engineering technicians,Uncategorized,telecommunications-engineering-technicians,3522,57363,27.58,Associate's degree,None,None,7200,10200,5,As fast as average,200,http://data.europa.eu/esco/isco/C3522
Telecommunications engineers,Uncategorized,telecommunications-engineers,2153,80841,38.87,Bachelor's degree,None,None,6041,10200,6,As fast as average,200,http://data.europa.eu/esco/isco/C2153
Telephone switchboard operators,Uncategorized,telephone-switchboard-operators,4223,37536,18.05,High school diploma or equivalent,None,None,5450,10200,-6,As fast as average,200,http://data.europa.eu/esco/isco/C4223
"Textile, fur and leather products machine operators not elsewhere classified",Uncategorized,textile-fur-and-leather-products-machine-operators-not-elsewhere-classified,8159,51127,24.58,High school diploma or equivalent,None,None,2219,10200,2,As fast as average,200,http://data.europa.eu/esco/isco/C8159
Tobacco preparers and tobacco products makers,Uncategorized,tobacco-preparers-and-tobacco-products-makers,7516,42159,20.27,High school diploma or equivalent,None,None,3515,10200,2,As fast as average,200,http://data.europa.eu/esco/isco/C7516
Toolmakers and related workers,Uncategorized,toolmakers-and-related-workers,7222,52190,25.09,High school diploma or equivalent,None,None,13576,10200,2,As fast as average,200,http://data.europa.eu/esco/isco/C7222
Town and traffic planners,Uncategorized,town-and-traffic-planners,2164,78131,37.56,Bachelor's degree,None,None,6041,10200,7,As fast as average,200,http://data.europa.eu/esco/isco/C2164
Trade brokers,Uncategorized,trade-brokers,3324,55444,26.66,Associate's degree,None,None,15437,10200,4,As fast as average,200,http://data.europa.eu/esco/isco/C3324
Traditional and complementary medicine associate professionals,Uncategorized,traditional-and-complementary-medicine-associate-professionals,3230,49252,23.68,Associate's degree,None,None,4435,10200,3,As fast as average,200,http://data.europa.eu/esco/isco/C3230
Traditional and complementary medicine professionals,Uncategorized,traditional-and-complementary-medicine-professionals,2230,64447,30.98,Bachelor's degree,None,None,12353,10200,7,As fast as average,200,http://data.europa.eu/esco/isco/C2230
Traditional chiefs and heads of village,Uncategorized,traditional-chiefs-and-heads-of-village,1113,101090,48.60,Bachelor's degree,None,None,6880,10200,2,As fast as average,200,http://data.europa.eu/esco/isco/C1113
Training and staff development professionals,Uncategorized,training-and-staff-development-professionals,2424,71972,34.60,Bachelor's degree,None,None,12909,10200,6,As fast as average,200,http://data.europa.eu/esco/isco/C2424
"Translators, interpreters and other linguists",Uncategorized,translators-interpreters-and-other-linguists,2643,83227,40.01,Bachelor's degree,None,None,6304,10200,7,As fast as average,200,http://data.europa.eu/esco/isco/C2643
Transport clerks,Uncategorized,transport-clerks,4323,42307,20.34,High school diploma or equivalent,None,None,22216,10200,-5,As fast as average,200,http://data.europa.eu/esco/isco/C4323
Transport conductors,Uncategorized,transport-conductors,5112,23103,11.11,High school diploma or equivalent,None,None,14170,10200,6,As fast as average,200,http://data.europa.eu/esco/isco/C5112
Travel attendants and travel stewards,Uncategorized,travel-attendants-and-travel-stewards,5111,26425,12.70,High school diploma or equivalent,None,None,14170,10200,4,As fast as average,200,http://data.europa.eu/esco/isco/C5111
Travel consultants and clerks,Uncategorized,travel-consultants-and-clerks,4221,43579,20.95,High school diploma or equivalent,None,None,5450,10200,-7,As fast as average,200,http://data.europa.eu/esco/isco/C4221
Travel guides,Uncategorized,travel-guides,5113,38023,18.28,High school diploma or equivalent,None,None,14170,10200,5,As fast as average,200,http://data.europa.eu/esco/isco/C5113
Tree and shrub crop growers,Uncategorized,tree-and-shrub-crop-growers,6112,28494,13.70,No formal educational credential,None,None,12833,10200,-1,As fast as average,200,http://data.europa.eu/esco/isco/C6112
Typists and word processing operators,Uncategorized,typists-and-word-processing-operators,4131,32980,15.86,High school diploma or equivalent,None,None,46725,10200,-4,As fast as average,200,http://data.europa.eu/esco/isco/C4131
Undertakers and embalmers,Uncategorized,undertakers-and-embalmers,5163,40052,19.26,High school diploma or equivalent,None,None,14170,10200,6,As fast as average,200,http://data.europa.eu/esco/isco/C5163
Underwater divers,Uncategorized,underwater-divers,7541,45104,21.68,High school diploma or equivalent,None,None,3515,10200,0,As fast as average,200,http://data.europa.eu/esco/isco/C7541
University and higher education teachers,Uncategorized,university-and-higher-education-teachers,2310,76434,36.75,Bachelor's degree,None,None,19925,10200,8,As fast as average,200,http://data.europa.eu/esco/isco/C2310
Upholsterers and related workers,Uncategorized,upholsterers-and-related-workers,7534,44293,21.29,High school diploma or equivalent,None,None,3515,10200,4,As fast as average,200,http://data.europa.eu/esco/isco/C7534
Valuers and loss assessors,Uncategorized,valuers-and-loss-assessors,3315,61415,29.53,Associate's degree,None,None,15437,10200,7,As fast as average,200,http://data.europa.eu/esco/isco/C3315
Vehicle cleaners,Uncategorized,vehicle-cleaners,9122,31975,15.37,No formal educational credential,None,None,23733,10200,4,As fast as average,200,http://data.europa.eu/esco/isco/C9122
Veterinarians,Uncategorized,veterinarians,2250,78654,37.81,Bachelor's degree,None,None,12353,10200,9,As fast as average,200,http://data.europa.eu/esco/isco/C2250
Veterinary technicians and assistants,Uncategorized,veterinary-technicians-and-assistants,3240,67268,32.34,Associate's degree,None,None,4435,10200,4,As fast as average,200,http://data.europa.eu/esco/isco/C3240
Visual artists,Uncategorized,visual-artists,2651,80657,38.78,Bachelor's degree,None,None,6304,10200,9,As fast as average,200,http://data.europa.eu/esco/isco/C2651
Vocational education teachers,Uncategorized,vocational-education-teachers,2320,79844,38.39,Bachelor's degree,None,None,19925,10200,6,As fast as average,200,http://data.europa.eu/esco/isco/C2320
Waiters,Uncategorized,waiters,5131,23446,11.27,High school diploma or equivalent,None,None,14170,10200,4,As fast as average,200,http://data.europa.eu/esco/isco/C5131
Water and firewood collectors,Uncategorized,water-and-firewood-collectors,9624,17657,8.49,No formal educational credential,None,None,2287,10200,1,As fast as average,200,http://data.europa.eu/esco/isco/C9624
Weaving and knitting machine operators,Uncategorized,weaving-and-knitting-machine-operators,8152,38859,18.68,High school diploma or equivalent,None,None,2219,10200,-1,As fast as average,200,http://data.europa.eu/esco/isco/C8152
Web and multimedia developers,Uncategorized,web-and-multimedia-developers,2513,72585,34.90,Bachelor's degree,None,None,13422,10200,9,As fast as average,200,http://data.europa.eu/esco/isco/C2513
Web technicians,Uncategorized,web-technicians,3514,60048,28.87,Associate's degree,None,None,7200,10200,3,As fast as average,200,http://data.europa.eu/esco/isco/C3514
Welders and flamecutters,Uncategorized,welders-and-flamecutters,7212,51124,24.58,High school diploma or equivalent,None,None,13576,10200,5,As fast as average,200,http://data.europa.eu/esco/isco/C7212
Well drillers and borers and related workers,Uncategorized,well-drillers-and-borers-and-related-workers,8113,34191,16.44,High school diploma or equivalent,None,None,2219,10200,3,As fast as average,200,http://data.europa.eu/esco/isco/C8113
Window cleaners,Uncategorized,window-cleaners,9123,15395,7.40,No formal educational credential,None,None,23733,10200,2,As fast as average,200,http://data.europa.eu/esco/isco/C9123
Wood processing plant operators,Uncategorized,wood-processing-plant-operators,8172,38711,18.61,High school diploma or equivalent,None,None,2219,10200,1,As fast as average,200,http://data.europa.eu/esco/isco/C8172
Wood treaters,Uncategorized,wood-treaters,7521,53085,25.52,High school diploma or equivalent,None,None,3515,10200,5,As fast as average,200,http://data.europa.eu/esco/isco/C7521
Woodworking-machine tool setters and operators,Uncategorized,woodworking-machine-tool-setters-and-operators,7523,51906,24.95,High school diploma or equivalent,None,None,3515,10200,1,As fast as average,200,http://data.europa.eu/esco/isco/C7523
